# Generated by tools/gen_catalog.py from the CDO source (OPERATORS, src/operator_help.cc,
# src/operators/*.cc). Do not edit; regenerate instead.
#
# CDO (Climate Data Operators), https://code.mpimet.mpg.de/projects/cdo
#
# Copyright 2002-2026, MPI für Meteorologie
#
# Redistribution and use in source and binary forms, with or without modification, are permitted
# provided that the following conditions are met:
#
# 1. Redistributions of source code must retain the above copyright notice, this list of
#    conditions and the following disclaimer.
#
# 2. Redistributions in binary form must reproduce the above copyright notice, this list of
#    conditions and the following disclaimer in the documentation and/or other materials provided with the distribution.
#
# 3. Neither the name of the copyright holder nor the names of its contributors may be used
#    to endorse or promote products derived from this software without specific prior written permission.
#
# THIS SOFTWARE IS PROVIDED BY THE COPYRIGHT HOLDERS AND CONTRIBUTORS "AS IS" AND ANY EXPRESS
# OR IMPLIED WARRANTIES, INCLUDING, BUT NOT LIMITED TO, THE IMPLIED WARRANTIES OF MERCHANTABILITY
# AND FITNESS FOR A PARTICULAR PURPOSE ARE DISCLAIMED. IN NO EVENT SHALL THE COPYRIGHT HOLDER OR
# CONTRIBUTORS BE LIABLE FOR ANY DIRECT, INDIRECT, INCIDENTAL, SPECIAL, EXEMPLARY, OR CONSEQUENTIAL
# DAMAGES (INCLUDING, BUT NOT LIMITED TO, PROCUREMENT OF SUBSTITUTE GOODS OR SERVICES; LOSS OF USE,
# DATA, OR PROFITS; OR BUSINESS INTERRUPTION) HOWEVER CAUSED AND ON ANY THEORY OF LIABILITY, WHETHER
# IN CONTRACT, STRICT LIABILITY, OR TORT (INCLUDING NEGLIGENCE OR OTHERWISE) ARISING IN ANY WAY
# OUT OF THE USE OF THIS SOFTWARE, EVEN IF ADVISED OF THE POSSIBILITY OF SUCH DAMAGE.
#
# Copyright notice
#    ©2002-2026 MPI-M, see list in the AUTHORS file
# n_in/n_out: number of input/output streams; -1 = any number of inputs, or (outputs) files
# named from an output base name.
# help: key into cdo_help.txt, empty if cdo has no help text for the operator.
#name	section	module	n_in	n_out	help	description
info	Information	Info	-1	0	InfoHelp	Dataset information listed by identifier
infon	Information	Info	-1	0	InfoHelp	Dataset information listed by name
cinfo	Information	Info	-1	0	InfoHelp	Compact information listed by name
map	Information	Info	-1	0	InfoHelp	Dataset information and simple map
sinfo	Information	Sinfo	-1	0	SinfoHelp	Short information listed by identifier
sinfon	Information	Sinfo	-1	0	SinfoHelp	Short information listed by name
xsinfo	Information	XSinfo	-1	0	XsinfoHelp	Extra short information listed by name
xsinfop	Information	XSinfo	-1	0	XsinfoHelp	Extra short information listed by identifier
diff	Information	Diff	2	0	DiffHelp	Compare two datasets listed by identifier
diffn	Information	Diff	2	0	DiffHelp	Compare two datasets listed by name
npar	Information	Ninfo	1	0	NinfoHelp	Number of parameters
nlevel	Information	Ninfo	1	0	NinfoHelp	Number of levels
nyear	Information	Ninfo	1	0	NinfoHelp	Number of years
nmon	Information	Ninfo	1	0	NinfoHelp	Number of months
ndate	Information	Ninfo	1	0	NinfoHelp	Number of dates
ntime	Information	Ninfo	1	0	NinfoHelp	Number of timesteps
ngridpoints	Information	Ninfo	1	0	NinfoHelp	Number of gridpoints
ngrids	Information	Ninfo	1	0	NinfoHelp	Number of horizontal grids
showformat	Information	Showinfo	1	0	ShowinfoHelp	Show file format
showcode	Information	Showinfo	1	0	ShowinfoHelp	Show code numbers
showname	Information	Showinfo	1	0	ShowinfoHelp	Show variable names
showstdname	Information	Showinfo	1	0	ShowinfoHelp	Show standard names
showlevel	Information	Showinfo	1	0	ShowinfoHelp	Show levels
showltype	Information	Showinfo	1	0	ShowinfoHelp	Show GRIB level types
showyear	Information	Showinfo	1	0	ShowinfoHelp	Show years
showmon	Information	Showinfo	1	0	ShowinfoHelp	Show months
showdate	Information	Showinfo	1	0	ShowinfoHelp	Show date information
showtime	Information	Showinfo	1	0	ShowinfoHelp	Show time information
showtimestamp	Information	Showinfo	1	0	ShowinfoHelp	Show timestamp
showchunkspec	Information	Showinfo	1	0	ShowinfoHelp	Show chunk specification
showfilter	Information	Showinfo	1	0	ShowinfoHelp	Show filter specification
showattribute	Information	Showattribute	1	0	ShowattributeHelp	Show attributes
partab	Information	Filedes	1	0	FiledesHelp	Parameter table
codetab	Information	Filedes	1	0	FiledesHelp	Parameter code table
griddes	Information	Filedes	1	0	FiledesHelp	Grid description
zaxisdes	Information	Filedes	1	0	FiledesHelp	Z-axis description
vct	Information	Filedes	1	0	FiledesHelp	Vertical coordinate table
copy	Fileoperation	Copy	-1	1	CopyHelp	Copy datasets
clone	Fileoperation	Copy	-1	1	CopyHelp	Clone datasets
cat	Fileoperation	Copy	-1	1	CopyHelp	Concatenate datasets
tee	Fileoperation	Tee	1	1	TeeHelp	Duplicate a data stream and write it to file
pack	Fileoperation	Pack	1	1	PackHelp	Pack data
unpack	Fileoperation	Unpack	1	1	UnpackHelp	Unpack data
setchunkspec	Fileoperation	Setchunkspec	1	1	SetchunkspecHelp	Specify chunking
setfilter	Fileoperation	Setfilter	1	1	SetfilterHelp	Specify filter
bitrounding	Fileoperation	Bitrounding	1	1	BitroundingHelp	Bit rounding
replace	Fileoperation	Replace	2	1	ReplaceHelp	Replace variables
duplicate	Fileoperation	Duplicate	1	1	DuplicateHelp	Duplicates a dataset
mergegrid	Fileoperation	Mergegrid	2	1	MergegridHelp	Merge grid
merge	Fileoperation	Merge	-1	1	MergeHelp	Merge datasets with different fields
mergetime	Fileoperation	Merge	-1	1	MergeHelp	Merge datasets sorted by date and time
splitcode	Fileoperation	Split	1	-1	SplitHelp	Split code numbers
splitparam	Fileoperation	Split	1	-1	SplitHelp	Split parameter identifiers
splitname	Fileoperation	Split	1	-1	SplitHelp	Split variable names
splitlevel	Fileoperation	Split	1	-1	SplitHelp	Split levels
splitgrid	Fileoperation	Split	1	-1	SplitHelp	Split grids
splitzaxis	Fileoperation	Split	1	-1	SplitHelp	Split z-axes
splittabnum	Fileoperation	Split	1	-1	SplitHelp	Split parameter table numbers
splitensemble	Fileoperation	Split	1	-1	SplitHelp	Split ensembles
splithour	Fileoperation	Splittime	1	-1	SplittimeHelp	Split hours
splitday	Fileoperation	Splittime	1	-1	SplittimeHelp	Split days
splitseas	Fileoperation	Splittime	1	-1	SplittimeHelp	Split seasons
splityear	Fileoperation	Splittime	1	-1	SplittimeHelp	Split years
splityearmon	Fileoperation	Splittime	1	-1	SplittimeHelp	Split in years and months
splitmon	Fileoperation	Splittime	1	-1	SplittimeHelp	Split months
splitsel	Fileoperation	Splitsel	1	-1	SplitselHelp	Split selected timesteps
splitdate	Fileoperation	Splitdate	1	-1	SplitdateHelp	Splits a file into dates
distgrid	Fileoperation	Distgrid	1	-1	DistgridHelp	Distribute horizontal grid
collgrid	Fileoperation	Collgrid	-1	1	CollgridHelp	Collect horizontal grid
query	Selection	Query	1	1	QueryHelp	Query fields
select	Selection	Select	-1	1	SelectHelp	Select fields
delete	Selection	Select	-1	1	SelectHelp	Delete fields
selmulti	Selection	Selmulti	1	1	SelmultiHelp	Select multiple fields
delmulti	Selection	Selmulti	1	1	SelmultiHelp	Delete multiple fields
changemulti	Selection	Selmulti	1	1	SelmultiHelp	Change identification of multiple fields
selparam	Selection	Selvar	1	1	SelvarHelp	Select parameters by identifier
delparam	Selection	Selvar	1	1	SelvarHelp	Delete parameters by identifier
selcode	Selection	Selvar	1	1	SelvarHelp	Select parameters by code number
delcode	Selection	Selvar	1	1	SelvarHelp	Delete parameters by code number
selname	Selection	Selvar	1	1	SelvarHelp	Select parameters by name
delname	Selection	Selvar	1	1	SelvarHelp	Delete parameters by name
selstdname	Selection	Selvar	1	1	SelvarHelp	Select parameters by standard name
sellevel	Selection	Selvar	1	1	SelvarHelp	Select levels
sellevidx	Selection	Selvar	1	1	SelvarHelp	Select levels by index
selgrid	Selection	Selvar	1	1	SelvarHelp	Select grids
selzaxis	Selection	Selvar	1	1	SelvarHelp	Select z-axes
selzaxisname	Selection	Selvar	1	1	SelvarHelp	Select z-axes by name
selltype	Selection	Selvar	1	1	SelvarHelp	Select GRIB level types
seltabnum	Selection	Selvar	1	1	SelvarHelp	Select parameter table numbers
seltimestep	Selection	Seltime	1	1	SeltimeHelp	Select timesteps
seltime	Selection	Seltime	1	1	SeltimeHelp	Select times
selhour	Selection	Seltime	1	1	SeltimeHelp	Select hours
selday	Selection	Seltime	1	1	SeltimeHelp	Select days
selmonth	Selection	Seltime	1	1	SeltimeHelp	Select months
selyear	Selection	Seltime	1	1	SeltimeHelp	Select years
selseason	Selection	Seltime	1	1	SeltimeHelp	Select seasons
seldate	Selection	Seltime	1	1	SeltimeHelp	Select dates
selsmon	Selection	Seltime	1	1	SeltimeHelp	Select single month
sellonlatbox	Selection	Selbox	1	1	SelboxHelp	Select a longitude/latitude box
selindexbox	Selection	Selbox	1	1	SelboxHelp	Select an index box
selregion	Selection	Selregion	1	1	SelregionHelp	Select cells inside regions
selcircle	Selection	Selregion	1	1	SelregionHelp	Select cells inside a circle
selgridcell	Selection	Selgridcell	1	1	SelgridcellHelp	Select grid cells
delgridcell	Selection	Selgridcell	1	1	SelgridcellHelp	Delete grid cells
samplegrid	Selection	Samplegrid	1	1	SamplegridHelp	Resample grid cells
selyearidx	Selection	Selyearidx	2	1	SelyearidxHelp	Select year by index
seltimeidx	Selection	Seltimeidx	2	1	SeltimeidxHelp	Select timestep by index
bottomvalue	Selection	Selsurface	1	1	SelsurfaceHelp	Extract bottom level
topvalue	Selection	Selsurface	1	1	SelsurfaceHelp	Extract top level
isosurface	Selection	Selsurface	1	1	SelsurfaceHelp	Extract isosurface
ifthen	Conditional	Cond	2	1	CondHelp	If then
ifnotthen	Conditional	Cond	2	1	CondHelp	If not then
ifthenelse	Conditional	Cond2	3	1	Cond2Help	Conditional selection
ifthenc	Conditional	Condc	1	1	CondcHelp	If then constant
ifnotthenc	Conditional	Condc	1	1	CondcHelp	If not then constant
reducegrid	Conditional	Mapreduce	1	1	MapreduceHelp	Reduce fields to user-defined mask
eq	Comparison	Comp	2	1	CompHelp	Equal
ne	Comparison	Comp	2	1	CompHelp	Not equal
le	Comparison	Comp	2	1	CompHelp	Less equal
lt	Comparison	Comp	2	1	CompHelp	Less than
ge	Comparison	Comp	2	1	CompHelp	Greater equal
gt	Comparison	Comp	2	1	CompHelp	Greater than
eqc	Comparison	Compc	1	1	CompcHelp	Equal constant
nec	Comparison	Compc	1	1	CompcHelp	Not equal constant
lec	Comparison	Compc	1	1	CompcHelp	Less equal constant
ltc	Comparison	Compc	1	1	CompcHelp	Less than constant
gec	Comparison	Compc	1	1	CompcHelp	Greater equal constant
gtc	Comparison	Compc	1	1	CompcHelp	Greater than constant
ymoneq	Comparison	Ymoncomp	2	1	YmoncompHelp	Compare time series with Equal
ymonne	Comparison	Ymoncomp	2	1	YmoncompHelp	Compare time series with NotEqual
ymonle	Comparison	Ymoncomp	2	1	YmoncompHelp	Compare time series with LessEqual
ymonlt	Comparison	Ymoncomp	2	1	YmoncompHelp	Compares if time series with LessThan
ymonge	Comparison	Ymoncomp	2	1	YmoncompHelp	Compares if time series with GreaterEqual
ymongt	Comparison	Ymoncomp	2	1	YmoncompHelp	Compares if time series with GreaterThan
yseaseq	Comparison	Yseascomp	2	1	YseascompHelp	Compare time series with Equal
yseasne	Comparison	Yseascomp	2	1	YseascompHelp	Compare time series with NotEqual
yseasle	Comparison	Yseascomp	2	1	YseascompHelp	Compare time series with LessEqual
yseaslt	Comparison	Yseascomp	2	1	YseascompHelp	Compares if time series with LessThan
yseasge	Comparison	Yseascomp	2	1	YseascompHelp	Compares if time series with GreaterEqual
yseasgt	Comparison	Yseascomp	2	1	YseascompHelp	Compares if time series with GreaterThan
setattribute	Modification	Setattribute	1	1	SetattributeHelp	Set attributes
delattribute	Modification	Setattribute	1	1	SetattributeHelp	Delete attributes
setpartabp	Modification	Setpartab	1	1	SetpartabHelp	Set parameter table
setpartabn	Modification	Setpartab	1	1	SetpartabHelp	Set parameter table
setcodetab	Modification	Set	1	1	SetHelp	Set parameter code table
setcode	Modification	Set	1	1	SetHelp	Set code number
setparam	Modification	Set	1	1	SetHelp	Set parameter identifier
setname	Modification	Set	1	1	SetHelp	Set variable name
setstdname	Modification	Set	1	1	SetHelp	Set standard name
setunit	Modification	Set	1	1	SetHelp	Set variable unit
setlevel	Modification	Set	1	1	SetHelp	Set level
setltype	Modification	Set	1	1	SetHelp	Set GRIB level type
setmaxsteps	Modification	Set	1	1	SetHelp	Set max timesteps
setdate	Modification	Settime	1	1	SettimeHelp	Set date
settime	Modification	Settime	1	1	SettimeHelp	Set time of the day
setday	Modification	Settime	1	1	SettimeHelp	Set day
setmon	Modification	Settime	1	1	SettimeHelp	Set month
setyear	Modification	Settime	1	1	SettimeHelp	Set year
settunits	Modification	Settime	1	1	SettimeHelp	Set time units
settaxis	Modification	Settime	1	1	SettimeHelp	Set time axis
settbounds	Modification	Settime	1	1	SettimeHelp	Set time bounds
setreftime	Modification	Settime	1	1	SettimeHelp	Set reference time
setcalendar	Modification	Settime	1	1	SettimeHelp	Set calendar
shifttime	Modification	Settime	1	1	SettimeHelp	Shift timesteps
chcode	Modification	Change	1	1	ChangeHelp	Change code number
chparam	Modification	Change	1	1	ChangeHelp	Change parameter identifier
chname	Modification	Change	1	1	ChangeHelp	Change variable or coordinate name
chunit	Modification	Change	1	1	ChangeHelp	Change variable unit
chlevel	Modification	Change	1	1	ChangeHelp	Change level
chlevelc	Modification	Change	1	1	ChangeHelp	Change level of one code
chlevelv	Modification	Change	1	1	ChangeHelp	Change level of one variable
setgrid	Modification	Setgrid	1	1	SetgridHelp	Set grid
setgridtype	Modification	Setgrid	1	1	SetgridHelp	Set grid type
setgridarea	Modification	Setgrid	1	1	SetgridHelp	Set grid cell area
setgridmask	Modification	Setgrid	1	1	SetgridHelp	Set grid mask
setprojparams	Modification	Setgrid	1	1	SetgridHelp	Set proj params
setzaxis	Modification	Setzaxis	1	1	SetzaxisHelp	Set z-axis
genlevelbounds	Modification	Setzaxis	1	1	SetzaxisHelp	Generate level bounds
invertlat	Modification	Invert	1	1	InvertHelp	Invert latitudes
invertlev	Modification	Invertlev	1	1	InvertlevHelp	Invert levels
shiftx	Modification	Shiftxy	1	1	ShiftxyHelp	Shift x
shifty	Modification	Shiftxy	1	1	ShiftxyHelp	Shift y
maskregion	Modification	Maskregion	1	1	MaskregionHelp	Mask regions
masklonlatbox	Modification	Maskbox	1	1	MaskboxHelp	Mask a longitude/latitude box
maskindexbox	Modification	Maskbox	1	1	MaskboxHelp	Mask an index box
setclonlatbox	Modification	Setbox	1	1	SetboxHelp	Set a longitude/latitude box to constant
setcindexbox	Modification	Setbox	1	1	SetboxHelp	Set an index box to constant
enlarge	Modification	Enlarge	1	1	EnlargeHelp	Enlarge fields
setmissval	Modification	Setmiss	1	1	SetmissHelp	Set a new missing value
setctomiss	Modification	Setmiss	1	1	SetmissHelp	Set constant to missing value
setmisstoc	Modification	Setmiss	1	1	SetmissHelp	Set missing value to constant
setrtomiss	Modification	Setmiss	1	1	SetmissHelp	Set range to missing value
setvrange	Modification	Setmiss	1	1	SetmissHelp	Set valid range
setmisstonn	Modification	Setmiss	1	1	SetmissHelp	Set missing value to nearest neighbor
setmisstodis	Modification	Setmiss	1	1	SetmissHelp	Set missing value to distance-weighted average
vertfillmiss	Modification	Vertfillmiss	1	1	VertfillmissHelp	Vertical filling of missing values
timfillmiss	Modification	Timfillmiss	1	1	TimfillmissHelp	Temporal filling of missing values
setgridcell	Modification	Setgridcell	1	1	SetgridcellHelp	Set the value of a grid cell
expr	Arithmetic	Expr	1	1	ExprHelp	Evaluate expressions
exprf	Arithmetic	Expr	1	1	ExprHelp	Evaluate expressions script
aexpr	Arithmetic	Expr	1	1	ExprHelp	Evaluate expressions and append results
aexprf	Arithmetic	Expr	1	1	ExprHelp	Evaluate expression script and append results
abs	Arithmetic	Math	1	1	MathHelp	Absolute value
int	Arithmetic	Math	1	1	MathHelp	Integer value
nint	Arithmetic	Math	1	1	MathHelp	Nearest integer value
pow	Arithmetic	Math	1	1	MathHelp	Power
sqr	Arithmetic	Math	1	1	MathHelp	Square
sqrt	Arithmetic	Math	1	1	MathHelp	Square root
exp	Arithmetic	Math	1	1	MathHelp	Exponential
ln	Arithmetic	Math	1	1	MathHelp	Natural logarithm
log10	Arithmetic	Math	1	1	MathHelp	Base 10 logarithm
sin	Arithmetic	Math	1	1	MathHelp	Sine
cos	Arithmetic	Math	1	1	MathHelp	Cosine
tan	Arithmetic	Math	1	1	MathHelp	Tangent
asin	Arithmetic	Math	1	1	MathHelp	Arc sine
acos	Arithmetic	Math	1	1	MathHelp	Arc cosine
atan	Arithmetic	Math	1	1	MathHelp	Arc tangent
reci	Arithmetic	Math	1	1	MathHelp	Reciprocal value
not	Arithmetic	Math	1	1	MathHelp	Logical NOT
addc	Arithmetic	Arithc	1	1	ArithcHelp	Add a constant
subc	Arithmetic	Arithc	1	1	ArithcHelp	Subtract a constant
mulc	Arithmetic	Arithc	1	1	ArithcHelp	Multiply with a constant
divc	Arithmetic	Arithc	1	1	ArithcHelp	Divide by a constant
minc	Arithmetic	Arithc	1	1	ArithcHelp	Minimum of a field and a constant
maxc	Arithmetic	Arithc	1	1	ArithcHelp	Maximum of a field and a constant
add	Arithmetic	Arith	2	1	ArithHelp	Add two fields
sub	Arithmetic	Arith	2	1	ArithHelp	Subtract two fields
mul	Arithmetic	Arith	2	1	ArithHelp	Multiply two fields
div	Arithmetic	Arith	2	1	ArithHelp	Divide two fields
min	Arithmetic	Arith	2	1	ArithHelp	Minimum of two fields
max	Arithmetic	Arith	2	1	ArithHelp	Maximum of two fields
atan2	Arithmetic	Arith	2	1	ArithHelp	Arc tangent of two fields
setmiss	Arithmetic	Arith	2	1	ArithHelp	Set missing values
dayadd	Arithmetic	Dayarith	2	1	DayarithHelp	Add daily time series
daysub	Arithmetic	Dayarith	2	1	DayarithHelp	Subtract daily time series
daymul	Arithmetic	Dayarith	2	1	DayarithHelp	Multiply daily time series
daydiv	Arithmetic	Dayarith	2	1	DayarithHelp	Divide daily time series
monadd	Arithmetic	Monarith	2	1	MonarithHelp	Add monthly time series
monsub	Arithmetic	Monarith	2	1	MonarithHelp	Subtract monthly time series
monmul	Arithmetic	Monarith	2	1	MonarithHelp	Multiply monthly time series
mondiv	Arithmetic	Monarith	2	1	MonarithHelp	Divide monthly time series
yearadd	Arithmetic	Yeararith	2	1	YeararithHelp	Add yearly time series
yearsub	Arithmetic	Yeararith	2	1	YeararithHelp	Subtract yearly time series
yearmul	Arithmetic	Yeararith	2	1	YeararithHelp	Multiply yearly time series
yeardiv	Arithmetic	Yeararith	2	1	YeararithHelp	Divide yearly time series
yhouradd	Arithmetic	Yhourarith	2	1	YhourarithHelp	Add multi-year hourly time series
yhoursub	Arithmetic	Yhourarith	2	1	YhourarithHelp	Subtract multi-year hourly time series
yhourmul	Arithmetic	Yhourarith	2	1	YhourarithHelp	Multiply multi-year hourly time series
yhourdiv	Arithmetic	Yhourarith	2	1	YhourarithHelp	Divide multi-year hourly time series
ydayadd	Arithmetic	Ydayarith	2	1	YdayarithHelp	Add multi-year daily time series
ydaysub	Arithmetic	Ydayarith	2	1	YdayarithHelp	Subtract multi-year daily time series
ydaymul	Arithmetic	Ydayarith	2	1	YdayarithHelp	Multiply multi-year daily time series
ydaydiv	Arithmetic	Ydayarith	2	1	YdayarithHelp	Divide multi-year daily time series
ymonadd	Arithmetic	Ymonarith	2	1	YmonarithHelp	Add multi-year monthly time series
ymonsub	Arithmetic	Ymonarith	2	1	YmonarithHelp	Subtract multi-year monthly time series
ymonmul	Arithmetic	Ymonarith	2	1	YmonarithHelp	Multiply multi-year monthly time series
ymondiv	Arithmetic	Ymonarith	2	1	YmonarithHelp	Divide multi-year monthly time series
yseasadd	Arithmetic	Yseasarith	2	1	YseasarithHelp	Add multi-year seasonal time series
yseassub	Arithmetic	Yseasarith	2	1	YseasarithHelp	Subtract multi-year seasonal time series
yseasmul	Arithmetic	Yseasarith	2	1	YseasarithHelp	Multiply multi-year seasonal time series
yseasdiv	Arithmetic	Yseasarith	2	1	YseasarithHelp	Divide multi-year seasonal time series
muldpm	Arithmetic	Arithdays	1	1	ArithdaysHelp	Multiply with days per month
divdpm	Arithmetic	Arithdays	1	1	ArithdaysHelp	Divide by days per month
muldpy	Arithmetic	Arithdays	1	1	ArithdaysHelp	Multiply with days per year
divdpy	Arithmetic	Arithdays	1	1	ArithdaysHelp	Divide by days per year
mulcoslat	Arithmetic	Arithlat	1	1	ArithlatHelp	Multiply with the cosine of the latitude
divcoslat	Arithmetic	Arithlat	1	1	ArithlatHelp	Divide by cosine of the latitude
timcumsum	Statistic	Timcumsum	1	1	TimcumsumHelp	Cumulative sum over all timesteps
consecsum	Statistic	Consecstat	1	1	ConsecstatHelp	Consecutive Sum
consects	Statistic	Consecstat	1	1	ConsecstatHelp	Consecutive Timesteps
varsmin	Statistic	Varsstat	1	1	VarsstatHelp	Variables minimum
varsmax	Statistic	Varsstat	1	1	VarsstatHelp	Variables maximum
varsrange	Statistic	Varsstat	1	1	VarsstatHelp	Variables range
varssum	Statistic	Varsstat	1	1	VarsstatHelp	Variables sum
varsmean	Statistic	Varsstat	1	1	VarsstatHelp	Variables mean
varsavg	Statistic	Varsstat	1	1	VarsstatHelp	Variables average
varsstd	Statistic	Varsstat	1	1	VarsstatHelp	Variables standard deviation
varsstd1	Statistic	Varsstat	1	1	VarsstatHelp	Variables standard deviation (n-1)
varsvar	Statistic	Varsstat	1	1	VarsstatHelp	Variables variance
varsvar1	Statistic	Varsstat	1	1	VarsstatHelp	Variables variance (n-1)
varsskew	Statistic	Varsstat	1	1	VarsstatHelp	Variables skewness
varskurt	Statistic	Varsstat	1	1	VarsstatHelp	Variables kurtosis
varsmedian	Statistic	Varsstat	1	1	VarsstatHelp	Variables median
varspctl	Statistic	Varsstat	1	1	VarsstatHelp	Variables percentile
ensmin	Statistic	Ensstat	-1	1	EnsstatHelp	Ensemble minimum
ensmax	Statistic	Ensstat	-1	1	EnsstatHelp	Ensemble maximum
ensrange	Statistic	Ensstat	-1	1	EnsstatHelp	Ensemble range
enssum	Statistic	Ensstat	-1	1	EnsstatHelp	Ensemble sum
ensmean	Statistic	Ensstat	-1	1	EnsstatHelp	Ensemble mean
ensavg	Statistic	Ensstat	-1	1	EnsstatHelp	Ensemble average
ensstd	Statistic	Ensstat	-1	1	EnsstatHelp	Ensemble standard deviation
ensstd1	Statistic	Ensstat	-1	1	EnsstatHelp	Ensemble standard deviation (n-1)
ensvar	Statistic	Ensstat	-1	1	EnsstatHelp	Ensemble variance
ensvar1	Statistic	Ensstat	-1	1	EnsstatHelp	Ensemble variance (n-1)
ensskew	Statistic	Ensstat	-1	1	EnsstatHelp	Ensemble skewness
enskurt	Statistic	Ensstat	-1	1	EnsstatHelp	Ensemble kurtosis
ensmedian	Statistic	Ensstat	-1	1	EnsstatHelp	Ensemble median
enspctl	Statistic	Ensstat	-1	1	EnsstatHelp	Ensemble percentile
ensrkhistspace	Statistic	Ensstat2	-1	1	Ensstat2Help	Ranked Histogram averaged over space
ensrkhisttime	Statistic	Ensstat2	-1	1	Ensstat2Help	Ranked Histogram averaged over time
ensroc	Statistic	Ensstat2	-1	1	Ensstat2Help	Ensemble Receiver Operating characteristics
enscrps	Statistic	Ensval	-1	-1	EnsvalHelp	Ensemble CRPS and decomposition
ensbrs	Statistic	Ensval	-1	-1	EnsvalHelp	Ensemble Brier score
fldmin	Statistic	Fldstat	1	1	FldstatHelp	Field minimum
fldmax	Statistic	Fldstat	1	1	FldstatHelp	Field maximum
fldrange	Statistic	Fldstat	1	1	FldstatHelp	Field range
fldsum	Statistic	Fldstat	1	1	FldstatHelp	Field sum
fldint	Statistic	Fldstat	1	1	FldstatHelp	Field integral
fldmean	Statistic	Fldstat	1	1	FldstatHelp	Field mean
fldavg	Statistic	Fldstat	1	1	FldstatHelp	Field average
fldstd	Statistic	Fldstat	1	1	FldstatHelp	Field standard deviation
fldstd1	Statistic	Fldstat	1	1	FldstatHelp	Field standard deviation (n-1)
fldvar	Statistic	Fldstat	1	1	FldstatHelp	Field variance
fldvar1	Statistic	Fldstat	1	1	FldstatHelp	Field variance (n-1)
fldskew	Statistic	Fldstat	1	1	FldstatHelp	Field skewness
fldkurt	Statistic	Fldstat	1	1	FldstatHelp	Field kurtosis
fldmedian	Statistic	Fldstat	1	1	FldstatHelp	Field median
fldcount	Statistic	Fldstat	1	1	FldstatHelp	Field count
fldpctl	Statistic	Fldstat	1	1	FldstatHelp	Field percentile
zonmin	Statistic	Zonstat	1	1	ZonstatHelp	Zonal minimum
zonmax	Statistic	Zonstat	1	1	ZonstatHelp	Zonal maximum
zonrange	Statistic	Zonstat	1	1	ZonstatHelp	Zonal range
zonsum	Statistic	Zonstat	1	1	ZonstatHelp	Zonal sum
zonint	Statistic	Zonstat	1	1	ZonstatHelp	Zonal integral
zonmean	Statistic	Zonstat	1	1	ZonstatHelp	Zonal mean
zonavg	Statistic	Zonstat	1	1	ZonstatHelp	Zonal average
zonstd	Statistic	Zonstat	1	1	ZonstatHelp	Zonal standard deviation
zonstd1	Statistic	Zonstat	1	1	ZonstatHelp	Zonal standard deviation (n-1)
zonvar	Statistic	Zonstat	1	1	ZonstatHelp	Zonal variance
zonvar1	Statistic	Zonstat	1	1	ZonstatHelp	Zonal variance (n-1)
zonskew	Statistic	Zonstat	1	1	ZonstatHelp	Zonal skewness
zonkurt	Statistic	Zonstat	1	1	ZonstatHelp	Zonal kurtosis
zonmedian	Statistic	Zonstat	1	1	ZonstatHelp	Zonal median
zonpctl	Statistic	Zonstat	1	1	ZonstatHelp	Zonal percentile
mermin	Statistic	Merstat	1	1	MerstatHelp	Meridional minimum
mermax	Statistic	Merstat	1	1	MerstatHelp	Meridional maximum
merrange	Statistic	Merstat	1	1	MerstatHelp	Meridional range
mersum	Statistic	Merstat	1	1	MerstatHelp	Meridional sum
mermean	Statistic	Merstat	1	1	MerstatHelp	Meridional mean
meravg	Statistic	Merstat	1	1	MerstatHelp	Meridional average
merstd	Statistic	Merstat	1	1	MerstatHelp	Meridional standard deviation
merstd1	Statistic	Merstat	1	1	MerstatHelp	Meridional standard deviation (n-1)
mervar	Statistic	Merstat	1	1	MerstatHelp	Meridional variance
mervar1	Statistic	Merstat	1	1	MerstatHelp	Meridional variance (n-1)
merskew	Statistic	Merstat	1	1	MerstatHelp	Meridional skewness
merkurt	Statistic	Merstat	1	1	MerstatHelp	Meridional kurtosis
mermedian	Statistic	Merstat	1	1	MerstatHelp	Meridional median
merpctl	Statistic	Merstat	1	1	MerstatHelp	Meridional percentile
gridboxmin	Statistic	Gridboxstat	1	1	GridboxstatHelp	Gridbox minimum
gridboxmax	Statistic	Gridboxstat	1	1	GridboxstatHelp	Gridbox maximum
gridboxrange	Statistic	Gridboxstat	1	1	GridboxstatHelp	Gridbox range
gridboxsum	Statistic	Gridboxstat	1	1	GridboxstatHelp	Gridbox sum
gridboxmean	Statistic	Gridboxstat	1	1	GridboxstatHelp	Gridbox mean
gridboxavg	Statistic	Gridboxstat	1	1	GridboxstatHelp	Gridbox average
gridboxstd	Statistic	Gridboxstat	1	1	GridboxstatHelp	Gridbox standard deviation
gridboxstd1	Statistic	Gridboxstat	1	1	GridboxstatHelp	Gridbox standard deviation (n-1)
gridboxvar	Statistic	Gridboxstat	1	1	GridboxstatHelp	Gridbox variance
gridboxvar1	Statistic	Gridboxstat	1	1	GridboxstatHelp	Gridbox variance (n-1)
gridboxskew	Statistic	Gridboxstat	1	1	GridboxstatHelp	Gridbox skewness
gridboxkurt	Statistic	Gridboxstat	1	1	GridboxstatHelp	Gridbox kurtosis
gridboxmedian	Statistic	Gridboxstat	1	1	GridboxstatHelp	Gridbox median
remapmin	Statistic	Remapstat	1	1	RemapstatHelp	Remap minimum
remapmax	Statistic	Remapstat	1	1	RemapstatHelp	Remap maximum
remaprange	Statistic	Remapstat	1	1	RemapstatHelp	Remap range
remapsum	Statistic	Remapstat	1	1	RemapstatHelp	Remap sum
remapmean	Statistic	Remapstat	1	1	RemapstatHelp	Remap mean
remapavg	Statistic	Remapstat	1	1	RemapstatHelp	Remap average
remapstd	Statistic	Remapstat	1	1	RemapstatHelp	Remap standard deviation
remapstd1	Statistic	Remapstat	1	1	RemapstatHelp	Remap standard deviation (n-1)
remapvar	Statistic	Remapstat	1	1	RemapstatHelp	Remap variance
remapvar1	Statistic	Remapstat	1	1	RemapstatHelp	Remap variance (n-1)
remapskew	Statistic	Remapstat	1	1	RemapstatHelp	Remap skewness
remapkurt	Statistic	Remapstat	1	1	RemapstatHelp	Remap kurtosis
remapmedian	Statistic	Remapstat	1	1	RemapstatHelp	Remap median
vertmin	Statistic	Vertstat	1	1	VertstatHelp	Vertical minimum
vertmax	Statistic	Vertstat	1	1	VertstatHelp	Vertical maximum
vertrange	Statistic	Vertstat	1	1	VertstatHelp	Vertical range
vertsum	Statistic	Vertstat	1	1	VertstatHelp	Vertical sum
vertmean	Statistic	Vertstat	1	1	VertstatHelp	Vertical mean
vertavg	Statistic	Vertstat	1	1	VertstatHelp	Vertical average
vertstd	Statistic	Vertstat	1	1	VertstatHelp	Vertical standard deviation
vertstd1	Statistic	Vertstat	1	1	VertstatHelp	Vertical standard deviation (n-1)
vertvar	Statistic	Vertstat	1	1	VertstatHelp	Vertical variance
vertvar1	Statistic	Vertstat	1	1	VertstatHelp	Vertical variance (n-1)
timselmin	Statistic	Timselstat	1	1	TimselstatHelp	Time selection minimum
timselmax	Statistic	Timselstat	1	1	TimselstatHelp	Time selection maximum
timselrange	Statistic	Timselstat	1	1	TimselstatHelp	Time selection range
timselsum	Statistic	Timselstat	1	1	TimselstatHelp	Time selection sum
timselmean	Statistic	Timselstat	1	1	TimselstatHelp	Time selection mean
timselavg	Statistic	Timselstat	1	1	TimselstatHelp	Time selection average
timselstd	Statistic	Timselstat	1	1	TimselstatHelp	Time selection standard deviation
timselstd1	Statistic	Timselstat	1	1	TimselstatHelp	Time selection standard deviation (n-1)
timselvar	Statistic	Timselstat	1	1	TimselstatHelp	Time selection variance
timselvar1	Statistic	Timselstat	1	1	TimselstatHelp	Time selection variance (n-1)
timselpctl	Statistic	Timselpctl	3	1	TimselpctlHelp	Time range percentile
runmin	Statistic	Runstat	1	1	RunstatHelp	Running minimum
runmax	Statistic	Runstat	1	1	RunstatHelp	Running maximum
runrange	Statistic	Runstat	1	1	RunstatHelp	Running range
runsum	Statistic	Runstat	1	1	RunstatHelp	Running sum
runmean	Statistic	Runstat	1	1	RunstatHelp	Running mean
runavg	Statistic	Runstat	1	1	RunstatHelp	Running average
runstd	Statistic	Runstat	1	1	RunstatHelp	Running standard deviation
runstd1	Statistic	Runstat	1	1	RunstatHelp	Running standard deviation (n-1)
runvar	Statistic	Runstat	1	1	RunstatHelp	Running variance
runvar1	Statistic	Runstat	1	1	RunstatHelp	Running variance (n-1)
runpctl	Statistic	Runpctl	1	1	RunpctlHelp	Running percentile
timmin	Statistic	Timstat	1	1	TimstatHelp	Time minimum
timmax	Statistic	Timstat	1	1	TimstatHelp	Time maximum
timminidx	Statistic	Timstat	1	1	TimstatHelp	Index of time minimum
timmaxidx	Statistic	Timstat	1	1	TimstatHelp	Index of time maximum
timrange	Statistic	Timstat	1	1	TimstatHelp	Time range
timsum	Statistic	Timstat	1	1	TimstatHelp	Time sum
timmean	Statistic	Timstat	1	1	TimstatHelp	Time mean
timavg	Statistic	Timstat	1	1	TimstatHelp	Time average
timstd	Statistic	Timstat	1	1	TimstatHelp	Time standard deviation
timstd1	Statistic	Timstat	1	1	TimstatHelp	Time standard deviation (n-1)
timvar	Statistic	Timstat	1	1	TimstatHelp	Time variance
timvar1	Statistic	Timstat	1	1	TimstatHelp	Time variance (n-1)
timpctl	Statistic	Timpctl	3	1	TimpctlHelp	Temporal percentile
hourmin	Statistic	Hourstat	1	1	HourstatHelp	Hourly minimum
hourmax	Statistic	Hourstat	1	1	HourstatHelp	Hourly maximum
hourrange	Statistic	Hourstat	1	1	HourstatHelp	Hourly range
hoursum	Statistic	Hourstat	1	1	HourstatHelp	Hourly sum
hourmean	Statistic	Hourstat	1	1	HourstatHelp	Hourly mean
houravg	Statistic	Hourstat	1	1	HourstatHelp	Hourly average
hourstd	Statistic	Hourstat	1	1	HourstatHelp	Hourly standard deviation
hourstd1	Statistic	Hourstat	1	1	HourstatHelp	Hourly standard deviation (n-1)
hourvar	Statistic	Hourstat	1	1	HourstatHelp	Hourly variance
hourvar1	Statistic	Hourstat	1	1	HourstatHelp	Hourly variance (n-1)
hourpctl	Statistic	Hourpctl	3	1	HourpctlHelp	Hourly percentile
daymin	Statistic	Daystat	1	1	DaystatHelp	Daily minimum
daymax	Statistic	Daystat	1	1	DaystatHelp	Daily maximum
dayrange	Statistic	Daystat	1	1	DaystatHelp	Daily range
daysum	Statistic	Daystat	1	1	DaystatHelp	Daily sum
daymean	Statistic	Daystat	1	1	DaystatHelp	Daily mean
dayavg	Statistic	Daystat	1	1	DaystatHelp	Daily average
daystd	Statistic	Daystat	1	1	DaystatHelp	Daily standard deviation
daystd1	Statistic	Daystat	1	1	DaystatHelp	Daily standard deviation (n-1)
dayvar	Statistic	Daystat	1	1	DaystatHelp	Daily variance
dayvar1	Statistic	Daystat	1	1	DaystatHelp	Daily variance (n-1)
daypctl	Statistic	Daypctl	3	1	DaypctlHelp	Daily percentile
monmin	Statistic	Monstat	1	1	MonstatHelp	Monthly minimum
monmax	Statistic	Monstat	1	1	MonstatHelp	Monthly maximum
monrange	Statistic	Monstat	1	1	MonstatHelp	Monthly range
monsum	Statistic	Monstat	1	1	MonstatHelp	Monthly sum
monmean	Statistic	Monstat	1	1	MonstatHelp	Monthly mean
monavg	Statistic	Monstat	1	1	MonstatHelp	Monthly average
monstd	Statistic	Monstat	1	1	MonstatHelp	Monthly standard deviation
monstd1	Statistic	Monstat	1	1	MonstatHelp	Monthly standard deviation (n-1)
monvar	Statistic	Monstat	1	1	MonstatHelp	Monthly variance
monvar1	Statistic	Monstat	1	1	MonstatHelp	Monthly variance (n-1)
monpctl	Statistic	Monpctl	3	1	MonpctlHelp	Monthly percentile
timyearmean	Statistic	Timyearstat	1	1	TimyearstatHelp	Weighted temporal mean from yearly data
yearmonmean	Statistic	Yearmonstat	1	1	YearmonstatHelp	Weighted yearly mean from monthly data
yearmin	Statistic	Yearstat	1	1	YearstatHelp	Yearly minimum
yearmax	Statistic	Yearstat	1	1	YearstatHelp	Yearly maximum
yearminidx	Statistic	Yearstat	1	1	YearstatHelp	Index of yearly minimum
yearmaxidx	Statistic	Yearstat	1	1	YearstatHelp	Index of yearly maximum
yearrange	Statistic	Yearstat	1	1	YearstatHelp	Yearly range
yearsum	Statistic	Yearstat	1	1	YearstatHelp	Yearly sum
yearmean	Statistic	Yearstat	1	1	YearstatHelp	Yearly mean
yearavg	Statistic	Yearstat	1	1	YearstatHelp	Yearly average
yearstd	Statistic	Yearstat	1	1	YearstatHelp	Yearly standard deviation
yearstd1	Statistic	Yearstat	1	1	YearstatHelp	Yearly standard deviation (n-1)
yearvar	Statistic	Yearstat	1	1	YearstatHelp	Yearly variance
yearvar1	Statistic	Yearstat	1	1	YearstatHelp	Yearly variance (n-1)
yearpctl	Statistic	Yearpctl	3	1	YearpctlHelp	Yearly percentile
seasmin	Statistic	Seasstat	1	1	SeasstatHelp	Seasonal minimum
seasmax	Statistic	Seasstat	1	1	SeasstatHelp	Seasonal maximum
seasrange	Statistic	Seasstat	1	1	SeasstatHelp	Seasonal range
seassum	Statistic	Seasstat	1	1	SeasstatHelp	Seasonal sum
seasmean	Statistic	Seasstat	1	1	SeasstatHelp	Seasonal mean
seasavg	Statistic	Seasstat	1	1	SeasstatHelp	Seasonal average
seasstd	Statistic	Seasstat	1	1	SeasstatHelp	Seasonal standard deviation
seasstd1	Statistic	Seasstat	1	1	SeasstatHelp	Seasonal standard deviation (n-1)
seasvar	Statistic	Seasstat	1	1	SeasstatHelp	Seasonal variance
seasvar1	Statistic	Seasstat	1	1	SeasstatHelp	Seasonal variance (n-1)
seaspctl	Statistic	Seaspctl	3	1	SeaspctlHelp	Seasonal percentile
yhourmin	Statistic	Yhourstat	1	1	YhourstatHelp	Multi-year hourly minimum
yhourmax	Statistic	Yhourstat	1	1	YhourstatHelp	Multi-year hourly maximum
yhourrange	Statistic	Yhourstat	1	1	YhourstatHelp	Multi-year hourly range
yhoursum	Statistic	Yhourstat	1	1	YhourstatHelp	Multi-year hourly sum
yhourmean	Statistic	Yhourstat	1	1	YhourstatHelp	Multi-year hourly mean
yhouravg	Statistic	Yhourstat	1	1	YhourstatHelp	Multi-year hourly average
yhourstd	Statistic	Yhourstat	1	1	YhourstatHelp	Multi-year hourly standard deviation
yhourstd1	Statistic	Yhourstat	1	1	YhourstatHelp	Multi-year hourly standard deviation (n-1)
yhourvar	Statistic	Yhourstat	1	1	YhourstatHelp	Multi-year hourly variance
yhourvar1	Statistic	Yhourstat	1	1	YhourstatHelp	Multi-year hourly variance (n-1)
dhourmin	Statistic	Dhourstat	1	1	DhourstatHelp	Multi-day hourly minimum
dhourmax	Statistic	Dhourstat	1	1	DhourstatHelp	Multi-day hourly maximum
dhourrange	Statistic	Dhourstat	1	1	DhourstatHelp	Multi-day hourly range
dhoursum	Statistic	Dhourstat	1	1	DhourstatHelp	Multi-day hourly sum
dhourmean	Statistic	Dhourstat	1	1	DhourstatHelp	Multi-day hourly mean
dhouravg	Statistic	Dhourstat	1	1	DhourstatHelp	Multi-day hourly average
dhourstd	Statistic	Dhourstat	1	1	DhourstatHelp	Multi-day hourly standard deviation
dhourstd1	Statistic	Dhourstat	1	1	DhourstatHelp	Multi-day hourly standard deviation (n-1)
dhourvar	Statistic	Dhourstat	1	1	DhourstatHelp	Multi-day hourly variance
dhourvar1	Statistic	Dhourstat	1	1	DhourstatHelp	Multi-day hourly variance (n-1)
dminutemin	Statistic	Dminutestat	1	1	DminutestatHelp	Multi-day by the minute minimum
dminutemax	Statistic	Dminutestat	1	1	DminutestatHelp	Multi-day by the minute maximum
dminuterange	Statistic	Dminutestat	1	1	DminutestatHelp	Multi-day by the minute range
dminutesum	Statistic	Dminutestat	1	1	DminutestatHelp	Multi-day by the minute sum
dminutemean	Statistic	Dminutestat	1	1	DminutestatHelp	Multi-day by the minute mean
dminuteavg	Statistic	Dminutestat	1	1	DminutestatHelp	Multi-day by the minute average
dminutestd	Statistic	Dminutestat	1	1	DminutestatHelp	Multi-day by the minute standard deviation
dminutestd1	Statistic	Dminutestat	1	1	DminutestatHelp	Multi-day by the minute standard deviation (n-1)
dminutevar	Statistic	Dminutestat	1	1	DminutestatHelp	Multi-day by the minute variance
dminutevar1	Statistic	Dminutestat	1	1	DminutestatHelp	Multi-day by the minute variance (n-1)
ydaymin	Statistic	Ydaystat	1	1	YdaystatHelp	Multi-year daily minimum
ydaymax	Statistic	Ydaystat	1	1	YdaystatHelp	Multi-year daily maximum
ydayrange	Statistic	Ydaystat	1	1	YdaystatHelp	Multi-year daily range
ydaysum	Statistic	Ydaystat	1	1	YdaystatHelp	Multi-year daily sum
ydaymean	Statistic	Ydaystat	1	1	YdaystatHelp	Multi-year daily mean
ydayavg	Statistic	Ydaystat	1	1	YdaystatHelp	Multi-year daily average
ydaystd	Statistic	Ydaystat	1	1	YdaystatHelp	Multi-year daily standard deviation
ydaystd1	Statistic	Ydaystat	1	1	YdaystatHelp	Multi-year daily standard deviation (n-1)
ydayvar	Statistic	Ydaystat	1	1	YdaystatHelp	Multi-year daily variance
ydayvar1	Statistic	Ydaystat	1	1	YdaystatHelp	Multi-year daily variance (n-1)
ydaypctl	Statistic	Ydaypctl	3	1	YdaypctlHelp	Multi-year daily percentile
ymonmin	Statistic	Ymonstat	1	1	YmonstatHelp	Multi-year monthly minimum
ymonmax	Statistic	Ymonstat	1	1	YmonstatHelp	Multi-year monthly maximum
ymonrange	Statistic	Ymonstat	1	1	YmonstatHelp	Multi-year monthly range
ymonsum	Statistic	Ymonstat	1	1	YmonstatHelp	Multi-year monthly sum
ymonmean	Statistic	Ymonstat	1	1	YmonstatHelp	Multi-year monthly mean
ymonavg	Statistic	Ymonstat	1	1	YmonstatHelp	Multi-year monthly average
ymonstd	Statistic	Ymonstat	1	1	YmonstatHelp	Multi-year monthly standard deviation
ymonstd1	Statistic	Ymonstat	1	1	YmonstatHelp	Multi-year monthly standard deviation (n-1)
ymonvar	Statistic	Ymonstat	1	1	YmonstatHelp	Multi-year monthly variance
ymonvar1	Statistic	Ymonstat	1	1	YmonstatHelp	Multi-year monthly variance (n-1)
ymonpctl	Statistic	Ymonpctl	3	1	YmonpctlHelp	Multi-year monthly percentile
yseasmin	Statistic	Yseasstat	1	1	YseasstatHelp	Multi-year seasonal minimum
yseasmax	Statistic	Yseasstat	1	1	YseasstatHelp	Multi-year seasonal maximum
yseasrange	Statistic	Yseasstat	1	1	YseasstatHelp	Multi-year seasonal range
yseassum	Statistic	Yseasstat	1	1	YseasstatHelp	Multi-year seasonal sum
yseasmean	Statistic	Yseasstat	1	1	YseasstatHelp	Multi-year seasonal mean
yseasavg	Statistic	Yseasstat	1	1	YseasstatHelp	Multi-year seasonal average
yseasstd	Statistic	Yseasstat	1	1	YseasstatHelp	Multi-year seasonal standard deviation
yseasstd1	Statistic	Yseasstat	1	1	YseasstatHelp	Multi-year seasonal standard deviation (n-1)
yseasvar	Statistic	Yseasstat	1	1	YseasstatHelp	Multi-year seasonal variance
yseasvar1	Statistic	Yseasstat	1	1	YseasstatHelp	Multi-year seasonal variance (n-1)
yseaspctl	Statistic	Yseaspctl	3	1	YseaspctlHelp	Multi-year seasonal percentile
ydrunmin	Statistic	Ydrunstat	1	1	YdrunstatHelp	Multi-year daily running minimum
ydrunmax	Statistic	Ydrunstat	1	1	YdrunstatHelp	Multi-year daily running maximum
ydrunsum	Statistic	Ydrunstat	1	1	YdrunstatHelp	Multi-year daily running sum
ydrunmean	Statistic	Ydrunstat	1	1	YdrunstatHelp	Multi-year daily running mean
ydrunavg	Statistic	Ydrunstat	1	1	YdrunstatHelp	Multi-year daily running average
ydrunstd	Statistic	Ydrunstat	1	1	YdrunstatHelp	Multi-year daily running standard deviation
ydrunstd1	Statistic	Ydrunstat	1	1	YdrunstatHelp	Multi-year daily running standard deviation (n-1)
ydrunvar	Statistic	Ydrunstat	1	1	YdrunstatHelp	Multi-year daily running variance
ydrunvar1	Statistic	Ydrunstat	1	1	YdrunstatHelp	Multi-year daily running variance (n-1)
ydrunpctl	Statistic	Ydrunpctl	3	1	YdrunpctlHelp	Multi-year daily running percentile
fldcor	Correlation	Fldcor	2	1	FldcorHelp	Correlation in grid space
timcor	Correlation	Timcor	2	1	TimcorHelp	Correlation over time
fldcovar	Correlation	Fldcovar	2	1	FldcovarHelp	Covariance in grid space
timcovar	Correlation	Timcovar	2	1	TimcovarHelp	Covariance over time
regres	Regression	Regres	1	1	RegresHelp	Regression
detrend	Regression	Detrend	1	1	DetrendHelp	Detrend time series
trend	Regression	Trend	1	2	TrendHelp	Trend of time series
addtrend	Regression	Trendarith	3	1	TrendarithHelp	Add trend
subtrend	Regression	Trendarith	3	1	TrendarithHelp	Subtract trend
eof	EOFs	EOF	1	2	EofHelp	Calculate EOFs in spatial or time space
eoftime	EOFs	EOF	1	2	EofHelp	Calculate EOFs in time space
eofspatial	EOFs	EOF	1	2	EofHelp	Calculate EOFs in spatial space
eof3d	EOFs	EOF	1	2	EofHelp	Calculate 3-Dimensional EOFs in time space
eofcoeff	EOFs	Eofcoeff	2	-1	EofcoeffHelp	Principal coefficients of EOFs
remapbil	Interpolation	Remapbil	1	1	RemapbilHelp	Bilinear interpolation
genbil	Interpolation	Remapbil	1	1	RemapbilHelp	Generate bilinear interpolation weights
remapbic	Interpolation	Remapbic	1	1	RemapbicHelp	Bicubic interpolation
genbic	Interpolation	Remapbic	1	1	RemapbicHelp	Generate bicubic interpolation weights
remapknn	Interpolation	Remapknn	1	1	RemapknnHelp	k-nearest neighbor remapping
remapnn	Interpolation	Remapknn	1	1	RemapknnHelp	Nearest neighbor remapping
remapdis	Interpolation	Remapknn	1	1	RemapknnHelp	Distance weighted average remapping
genknn	Interpolation	Remapknn	1	1	RemapknnHelp	Generate k-nearest neighbor remap weights
gennn	Interpolation	Remapknn	1	1	RemapknnHelp	Generate nearest neighbor remap weights
gendis	Interpolation	Remapknn	1	1	RemapknnHelp	Generate distance weighted average remap weights
remapcon	Interpolation	Remapcon	1	1	RemapconHelp	First order conservative remapping
gencon	Interpolation	Remapcon	1	1	RemapconHelp	Generate 1st order conservative remap weights
remaplaf	Interpolation	Remaplaf	1	1	RemaplafHelp	Largest area fraction remapping
genlaf	Interpolation	Remaplaf	1	1	RemaplafHelp	Generate largest area fraction remap weights
remap	Interpolation	Remap	1	1	RemapHelp	Grid remapping
remapeta	Interpolation	Remapeta	1	1	RemapetaHelp	Remap vertical hybrid levels
ml2pl	Interpolation	Vertintml	1	1	VertintmlHelp	Model to pressure level interpolation
ap2pl	Interpolation	Vertintap	1	1	VertintapHelp	Vertical pressure interpolation
gh2hl	Interpolation	Vertintgh	1	1	VertintghHelp	Geometric height interpolation
intlevel	Interpolation	Intlevel	1	1	IntlevelHelp	Linear level interpolation
intlevel3d	Interpolation	Intlevel3d	2	1	Intlevel3dHelp	Linear level interpolation from/to 3D vertical coordinates
inttime	Interpolation	Inttime	1	1	InttimeHelp	Interpolation between timesteps
intntime	Interpolation	Inttime	1	1	InttimeHelp	Interpolation between timesteps
intyear	Interpolation	Intyear	2	-1	IntyearHelp	Interpolation between two years
sp2gp	Transformation	Spectral	1	1	SpectralHelp	Spectral to gridpoint
gp2sp	Transformation	Spectral	1	1	SpectralHelp	Gridpoint to spectral
sp2sp	Transformation	Specconv	1	1	SpecconvHelp	Spectral to spectral
dv2ps	Transformation	Wind2	1	1	Wind2Help	D and V to vel. potential and stream function
dv2uv	Transformation	Wind	1	1	WindHelp	Divergence and vorticity to U and V wind
uv2dv	Transformation	Wind	1	1	WindHelp	U and V wind to divergence and vorticity
fourier	Transformation	Fourier	1	1	FourierHelp	Fourier transformation
import_binary	Import	Importbinary	1	1	ImportbinaryHelp	Import binary data sets
import_cmsaf	Import	Importcmsaf	1	1	ImportcmsafHelp	Import CM-SAF HDF5 files
input	Import	Input	0	1	InputHelp	ASCII input
inputsrv	Import	Input	0	1	InputHelp	SERVICE ASCII input
inputext	Import	Input	0	1	InputHelp	EXTRA ASCII input
output	Import	Output	-1	0	OutputHelp	ASCII output
outputf	Import	Output	-1	0	OutputHelp	Formatted output
outputint	Import	Output	-1	0	OutputHelp	Integer output
outputsrv	Import	Output	-1	0	OutputHelp	SERVICE ASCII output
outputext	Import	Output	-1	0	OutputHelp	EXTRA ASCII output
outputtab	Import	Outputtab	-1	0	OutputtabHelp	Table output
gmtxyz	Import	Outputgmt	1	0	OutputgmtHelp	GMT xyz format
gmtcells	Import	Outputgmt	1	0	OutputgmtHelp	GMT multiple segment format
gradsdes	Miscellaneous	Gradsdes	1	0	GradsdesHelp	GrADS data descriptor file
after	Miscellaneous	Afterburner	-1	1	AfterburnerHelp	ECHAM standard post processor
bandpass	Miscellaneous	Filter	1	1	FilterHelp	Bandpass filtering
lowpass	Miscellaneous	Filter	1	1	FilterHelp	Lowpass filtering
highpass	Miscellaneous	Filter	1	1	FilterHelp	Highpass filtering
gridarea	Miscellaneous	Gridcell	1	1	GridcellHelp	Grid cell area
gridweights	Miscellaneous	Gridcell	1	1	GridcellHelp	Grid cell weights
smooth	Miscellaneous	Smooth	1	1	SmoothHelp	Smooth grid points
smooth9	Miscellaneous	Smooth	1	1	SmoothHelp	9 point smoothing
deltat	Miscellaneous	Deltat	1	1	DeltatHelp	Difference between timesteps
setvals	Miscellaneous	Replacevalues	1	1	ReplacevaluesHelp	Set list of old values to new values
setrtoc	Miscellaneous	Replacevalues	1	1	ReplacevaluesHelp	Set range to constant
setrtoc2	Miscellaneous	Replacevalues	1	1	ReplacevaluesHelp	Set range to constant others to constant2
gridcellindex	Miscellaneous	Getgridcell	1	0	GetgridcellHelp	Get grid cell index
const	Miscellaneous	Vargen	0	1	VargenHelp	Create a constant field
random	Miscellaneous	Vargen	0	1	VargenHelp	Create a field with random numbers
topo	Miscellaneous	Vargen	0	1	VargenHelp	Create a field with topography
seq	Miscellaneous	Vargen	0	1	VargenHelp	Create a time series
stdatm	Miscellaneous	Vargen	0	1	VargenHelp	Create values for pressure and temperature for hydrostatic atmosphere
timsort	Miscellaneous	Timsort	1	1	TimsortHelp	Temporal sorting
uvDestag	Miscellaneous	WindTrans	1	1	WindtransHelp	Destaggering of u/v wind components
rotuvNorth	Miscellaneous	WindTrans	1	1	WindtransHelp	Rotate u/v wind to North pole
projuvLatLon	Miscellaneous	WindTrans	1	1	WindtransHelp	Cylindrical Equidistant projection
rotuvb	Miscellaneous	Rotuv	1	1	RotuvHelp	Backward wind rotation
mrotuvb	Miscellaneous	Mrotuvb	2	1	MrotuvbHelp	Backward rotation of MPIOM data
mastrfu	Miscellaneous	Mastrfu	1	1	MastrfuHelp	Mass stream function
pressure_half	Miscellaneous	Pressure	1	1	PressureHelp	Pressure on half-levels
pressure	Miscellaneous	Pressure	1	1	PressureHelp	Pressure on full-levels
delta_pressure	Miscellaneous	Pressure	1	1	PressureHelp	Pressure difference of half-levels
sealevelpressure	Miscellaneous	Derivepar	1	1	DeriveparHelp	Sea level pressure
gheight	Miscellaneous	Derivepar	1	1	DeriveparHelp	Geopotential height on full-levels
gheight_half	Miscellaneous	Derivepar	1	1	DeriveparHelp	Geopotential height on half-levels
air_density	Miscellaneous	Derivepar	1	1	DeriveparHelp	Air density
adisit	Miscellaneous	Adisit	1	1	AdisitHelp	Potential temperature to in-situ temperature
adipot	Miscellaneous	Adisit	1	1	AdisitHelp	In-situ temperature to potential temperature
rhopot	Miscellaneous	Rhopot	1	1	RhopotHelp	Calculates potential density
histcount	Miscellaneous	Histogram	1	1	HistogramHelp	Histogram count
histsum	Miscellaneous	Histogram	1	1	HistogramHelp	Histogram sum
histmean	Miscellaneous	Histogram	1	1	HistogramHelp	Histogram mean
histfreq	Miscellaneous	Histogram	1	1	HistogramHelp	Histogram frequency
sethalo	Miscellaneous	Sethalo	1	1	SethaloHelp	Set the bounds of a field
wct	Miscellaneous	Wct	2	1	WctHelp	Windchill temperature
fdns	Miscellaneous	Fdns	2	1	FdnsHelp	Frost days where no snow index per time period
strwin	Miscellaneous	Strwin	1	1	StrwinHelp	Strong wind days index per time period
strbre	Miscellaneous	Strbre	1	1	StrbreHelp	Strong breeze days index per time period
strgal	Miscellaneous	Strgal	1	1	StrgalHelp	Strong gale days index per time period
hurr	Miscellaneous	Hurr	1	1	HurrHelp	Hurricane days index per time period
cmorlite	Miscellaneous	CMORlite	1	1	CmorliteHelp	CMOR lite
verifygrid	Miscellaneous	Verifygrid	1	0	VerifygridHelp	Verify grid coordinates
hpdegrade	Miscellaneous	Healpix	1	1	HealpixHelp	Degrade healpix
hpupgrade	Miscellaneous	Healpix	1	1	HealpixHelp	Upgrade healpix
symmetrize	Miscellaneous	Symmetrize	1	1	SymmetrizeHelp	Mirrors data at the equator
uv2vr_cfd	Miscellaneous	NCL_wind	1	1	Ncl_windHelp	U and V wind to relative vorticity
uv2dv_cfd	Miscellaneous	NCL_wind	1	1	Ncl_windHelp	U and V wind to divergence
cmor	CMOR	CMOR	1	0	CmorHelp	Climate Model Output Rewriting to produce CMIP-compliant data
contour	Magics	Magplot	1	1	MagplotHelp	Contour plot
shaded	Magics	Magplot	1	1	MagplotHelp	Shaded contour plot
grfill	Magics	Magplot	1	1	MagplotHelp	Shaded gridfill plot
vector	Magics	Magvector	1	1	MagvectorHelp	Lon/Lat vector plot
graph	Magics	Maggraph	-1	1	MaggraphHelp	Line graph plot
eca_cdd	Climateindices	Eca_cdd	1	1	Eca_cddHelp	Consecutive dry days index per time period
etccdi_cdd	Climateindices	Eca_cdd	1	1	Eca_cddHelp	Consecutive dry days index per time period
eca_cfd	Climateindices	Eca_cfd	1	1	Eca_cfdHelp	Consecutive frost days index per time period
eca_csu	Climateindices	Eca_csu	1	1	Eca_csuHelp	Consecutive summer days index per time period
eca_cwd	Climateindices	Eca_cwd	1	1	Eca_cwdHelp	Consecutive wet days index per time period
etccdi_cwd	Climateindices	Eca_cwd	1	1	Eca_cwdHelp	Consecutive wet days index per time period
eca_cwdi	Climateindices	Eca_cwdi	2	1	Eca_cwdiHelp	Cold wave duration index wrt mean of reference period
eca_cwfi	Climateindices	Eca_cwfi	2	1	Eca_cwfiHelp	Cold-spell days index wrt 10th percentile of reference period
etccdi_csdi	Climateindices	Eca_cwfi	2	1	Eca_cwfiHelp	Cold-spell duration index
eca_etr	Climateindices	Eca_etr	2	1	Eca_etrHelp	Intra-period extreme temperature range
eca_fd	Climateindices	Eca_fd	1	1	Eca_fdHelp	Frost days index per time period
etccdi_fd	Climateindices	Eca_fd	1	1	Eca_fdHelp	Frost days index per time period
eca_gsl	Climateindices	Eca_gsl	2	1	Eca_gslHelp	Thermal Growing season length index
eca_hd	Climateindices	Eca_hd	1	1	Eca_hdHelp	Heating degree days per time period
eca_hwdi	Climateindices	Eca_hwdi	2	1	Eca_hwdiHelp	Heat wave duration index wrt mean of reference period
eca_hwfi	Climateindices	Eca_hwfi	2	1	Eca_hwfiHelp	Warm spell days index wrt 90th percentile of reference period
etccdi_wsdi	Climateindices	Eca_hwfi	2	1	Eca_hwfiHelp	Warm Spell Duration Index
eca_id	Climateindices	Eca_id	1	1	Eca_idHelp	Ice days index per time period
etccdi_id	Climateindices	Eca_id	1	1	Eca_idHelp	Ice days index per time period
eca_r75p	Climateindices	Eca_r75p	2	1	Eca_r75pHelp	Moderate wet days wrt 75th percentile of reference period
eca_r75ptot	Climateindices	Eca_r75ptot	2	1	Eca_r75ptotHelp	Precipitation percent due to R75p days
eca_r90p	Climateindices	Eca_r90p	2	1	Eca_r90pHelp	Wet days wrt 90th percentile of reference period
eca_r90ptot	Climateindices	Eca_r90ptot	2	1	Eca_r90ptotHelp	Precipitation percent due to R90p days
eca_r95p	Climateindices	Eca_r95p	2	1	Eca_r95pHelp	Very wet days wrt 95th percentile of reference period
eca_r95ptot	Climateindices	Eca_r95ptot	2	1	Eca_r95ptotHelp	Precipitation percent due to R95p days
eca_r99p	Climateindices	Eca_r99p	2	1	Eca_r99pHelp	Extremely wet days wrt 99th percentile of reference period
eca_r99ptot	Climateindices	Eca_r99ptot	2	1	Eca_r99ptotHelp	Precipitation percent due to R99p days
eca_pd	Climateindices	Eca_pd	1	1	Eca_pdHelp	Precipitation days index per time period
etccdi_r1mm	Climateindices	Eca_pd	1	1	Eca_pdHelp	Precipitation days index per time period
eca_r10mm	Climateindices	Eca_pd	1	1	Eca_pdHelp	Heavy precipitation days index per time period
eca_r20mm	Climateindices	Eca_pd	1	1	Eca_pdHelp	Very heavy precipitation days index per time period
eca_rr1	Climateindices	Eca_rr1	1	1	Eca_rr1Help	Wet days index per time period
eca_rx1day	Climateindices	Eca_rx1day	1	1	Eca_rx1dayHelp	Highest one day precipitation amount per time period
etccdi_rx1day	Climateindices	Eca_rx1day	1	1	Eca_rx1dayHelp	Maximum 1-day Precipitation
eca_rx5day	Climateindices	Eca_rx5day	1	1	Eca_rx5dayHelp	Highest five-day precipitation amount per time period
etccdi_rx5day	Climateindices	Eca_rx5day	1	1	Eca_rx5dayHelp	Highest five-day precipitation amount per time period
eca_sdii	Climateindices	Eca_sdii	1	1	Eca_sdiiHelp	Simple daily intensity index per time period
eca_su	Climateindices	Eca_su	1	1	Eca_suHelp	Summer days index per time period
etccdi_su	Climateindices	Eca_su	1	1	Eca_suHelp	Summer days index per time period
eca_tg10p	Climateindices	Eca_tg10p	2	1	Eca_tg10pHelp	Cold days percent wrt 10th percentile of reference period
eca_tg90p	Climateindices	Eca_tg90p	2	1	Eca_tg90pHelp	Warm days percent wrt 90th percentile of reference period
eca_tn10p	Climateindices	Eca_tn10p	2	1	Eca_tn10pHelp	Cold nights percent wrt 10th percentile of reference period
eca_tn90p	Climateindices	Eca_tn90p	2	1	Eca_tn90pHelp	Warm nights percent wrt 90th percentile of reference period
eca_tr	Climateindices	Eca_tr	1	1	Eca_trHelp	Tropical nights index per time period
etccdi_tr	Climateindices	Eca_tr	1	1	Eca_trHelp	Tropical nights index per time period
eca_tx10p	Climateindices	Eca_tx10p	2	1	Eca_tx10pHelp	Very cold days percent wrt 10th percentile of reference period
eca_tx90p	Climateindices	Eca_tx90p	2	1	Eca_tx90pHelp	Very warm days percent wrt 90th percentile of reference period
etccdi_tx90p	Climateindices	Eca_etccdi	3	1	Eca_etccdiHelp	Percentage of Days when Daily Maximum Temperature is Above the 90th Percentile
etccdi_tx10p	Climateindices	Eca_etccdi	3	1	Eca_etccdiHelp	Percentage of Days when Daily Maximum Temperature is Below the 10th Percentile
etccdi_tn90p	Climateindices	Eca_etccdi	3	1	Eca_etccdiHelp	Percentage of Days when Daily Minimum Temperature is Above the 90th Percentile
etccdi_tn10p	Climateindices	Eca_etccdi	3	1	Eca_etccdiHelp	Percentage of Days when Daily Minimum Temperature is Below the 10th Percentile
etccdi_r95p	Climateindices	Eca_etccdi	3	1	Eca_etccdiHelp	Annual Total Precipitation when Daily Precipitation Exceeds the 95th Percentile of Wet Day Precipitation
etccdi_r99p	Climateindices	Eca_etccdi	3	1	Eca_etccdiHelp	Annual Total Precipitation when Daily Precipitation Exceeds the 99th Percentile of Wet Day Precipitation
